{"cameraMode":{"drawMode":0,"name":"Shaded","section":"Shading Mode"},"sceneLighting":true,"audioPlay":false,"sceneViewState":{"m_AlwaysRefresh":false,"showFog":true,"showSkybox":true,"showFlares":true,"showImageEffects":true,"showParticleSystems":true,"showVisualEffectGraphs":true,"m_FxEnabled":true},"in2DMode":false,"pivot":{"x":420.9105529785156,"y":315.15655517578127,"z":-724.3208618164063},"rotation":{"x":0.015190026722848416,"y":0.008096354082226754,"z":0.00014025071868672967,"w":-0.999886155128479},"size":9.677066802978516,"orthographic":false}